id,first_name,last_name,email,gender,birthdate
1,Randy,Hannent,rhannent0@so-net.ne.jp,Female,2/5/2012
2,Piggy,Paal,ppaal1@ibm.com,Female,12/15/2005
3,Elwira,Coltart,ecoltart2@behance.net,Female,5/12/2001
4,Nicolis,Frift,nfrift3@washingtonpost.com,Male,6/25/2010
5,Sal,Rutt,srutt4@imgur.com,Female,3/1/2013
6,Aubrette,Szachniewicz,aszachniewicz5@instagram.com,Male,4/23/2014
7,Ginger,Spires,gspires6@typepad.com,Male,4/17/2011
8,Tedmund,Applin,tapplin7@tinypic.com,Male,3/3/2019
9,Heidi,Burnet,hburnet8@dion.ne.jp,Male,8/16/2002
10,Jenilee,Scarratt,jscarratt9@salon.com,Male,9/16/2001
11,Emelda,MacGaffey,emacgaffeya@telegraph.co.uk,Female,7/20/2021
12,Anni,Akerman,aakermanb@list-manage.com,Female,4/19/2019
13,Andree,Studdal,astuddalc@topsy.com,Genderqueer,8/22/2009
14,Jojo,Mathias,jmathiasd@myspace.com,Female,5/11/2019
15,Wendel,Munnis,wmunnise@oracle.com,Female,8/31/2017
16,Bryana,Kidde,bkiddef@youtube.com,Female,9/1/2012
17,Althea,Gehrtz,agehrtzg@mysql.com,Female,5/27/2015
18,Tam,Dailey,tdaileyh@wsj.com,Female,5/3/2014
19,Jozef,Throssell,jthrosselli@hatena.ne.jp,Female,1/15/2015
20,Odille,Demange,odemangej@ifeng.com,Female,3/31/2006
21,Deanne,Janisson,djanissonk@dyndns.org,Male,7/1/2002
22,Alessandro,Andrus,aandrusl@lulu.com,Male,10/28/2012
23,Dorette,Segebrecht,dsegebrechtm@arstechnica.com,Female,11/7/2011
24,Fritz,Wightman,fwightmann@seattletimes.com,Female,1/24/2018
25,Adriaens,Danat,adanato@vkontakte.ru,Female,5/2/2016
26,Irwinn,Rackstraw,irackstrawp@upenn.edu,Male,11/10/2008
27,Jessy,Colwell,jcolwellq@artisteer.com,Female,8/11/2003
28,Stephanie,Allcoat,sallcoatr@fc2.com,Female,1/16/2022
29,Cariotta,Menzies,cmenziess@moonfruit.com,Female,10/29/2010
30,Ulberto,Jordison,ujordisont@github.com,Female,8/13/2018
31,Rupert,Gerckens,rgerckensu@samsung.com,Male,10/7/2008
32,Rikki,Prestner,rprestnerv@cyberchimps.com,Female,3/17/2011
33,Ollie,Ilive,oilivew@homestead.com,Male,2/18/2019
34,Sharyl,McQuarter,smcquarterx@artisteer.com,Male,12/13/2016
35,Christan,Berzen,cberzeny@walmart.com,Male,1/14/2011
36,Lolly,Jessop,ljessopz@google.fr,Female,7/19/2021
37,La verne,Scroxton,lscroxton10@domainmarket.com,Male,6/9/2021
38,Celestyn,Greason,cgreason11@nyu.edu,Male,6/8/2021
39,Jacquetta,Gatcliff,jgatcliff12@tamu.edu,Female,8/23/2014
40,Kristoffer,McLucas,kmclucas13@auda.org.au,Male,9/18/2019
41,Silvan,Dorman,sdorman14@skyrock.com,Male,7/31/2018
42,Amby,Gouldstraw,agouldstraw15@wp.com,Female,7/28/2010
43,Dorella,Benet,dbenet16@washington.edu,Male,10/22/2021
44,Alfredo,Byart,abyart17@networksolutions.com,Female,6/24/2019
45,Carlin,Bartolomucci,cbartolomucci18@theglobeandmail.com,Male,7/23/2009
46,Lola,Throssell,lthrossell19@g.co,Male,12/4/2016
47,Rog,Simonetto,rsimonetto1a@networkadvertising.org,Male,5/10/2011
48,Lydon,Jereatt,ljereatt1b@nps.gov,Male,3/10/2001
49,Eliot,Wisden,ewisden1c@sogou.com,Male,1/30/2010
50,Aubert,Emes,aemes1d@studiopress.com,Male,12/6/2005
51,Alfonse,Lewsie,alewsie1e@shutterfly.com,Male,12/31/2010
52,Dunc,Hallam,dhallam1f@prlog.org,Female,12/28/2011
53,Mabel,Gullane,mgullane1g@nytimes.com,Male,11/17/2010
54,Netta,Wilman,nwilman1h@bbb.org,Male,12/30/2010
55,Faustina,Igglesden,figglesden1i@marketwatch.com,Female,2/28/2007
56,Adelbert,Scimone,ascimone1j@psu.edu,Female,5/23/2011
57,Bogey,Lambillion,blambillion1k@sphinn.com,Male,1/22/2002
58,Griz,Meriot,gmeriot1l@seattletimes.com,Female,9/22/2002
59,Miriam,Bolesma,mbolesma1m@dyndns.org,Male,4/6/2017
60,Tonya,Pourveer,tpourveer1n@so-net.ne.jp,Male,11/5/2010
61,Tyrus,Spering,tspering1o@creativecommons.org,Male,6/4/2009
62,Melinda,Lorroway,mlorroway1p@networksolutions.com,Male,5/27/2006
63,Nedda,Landor,nlandor1q@paypal.com,Female,10/27/2009
64,Barton,Grimbleby,bgrimbleby1r@va.gov,Female,4/18/2008
65,Vivie,Othen,vothen1s@ycombinator.com,Male,11/23/2009
66,Clyde,Chisolm,cchisolm1t@ovh.net,Male,8/17/2001
67,Wynn,Joffe,wjoffe1u@cnbc.com,Male,10/21/2009
68,Kara-lynn,Spearing,kspearing1v@businessweek.com,Polygender,7/15/2018
69,Gifford,Chippin,gchippin1w@mail.ru,Female,6/11/2008
70,Rice,Vlahos,rvlahos1x@berkeley.edu,Female,7/7/2010
71,Roda,Burgh,rburgh1y@sfgate.com,Male,2/2/2019
72,Vera,Rottgers,vrottgers1z@purevolume.com,Male,1/20/2011
73,Nara,Lorans,nlorans20@abc.net.au,Male,10/13/2007
74,Oneida,Brackley,obrackley21@apache.org,Male,5/11/2008
75,Bernadina,Duesbury,bduesbury22@huffingtonpost.com,Female,1/14/2020
76,Cherie,Stainbridge,cstainbridge23@abc.net.au,Female,4/18/2018
77,Thatcher,Dunridge,tdunridge24@4shared.com,Female,3/30/2006
78,Ariella,McWhirter,amcwhirter25@msn.com,Female,1/29/2002
79,Emlyn,Rissom,erissom26@storify.com,Female,9/1/2006
80,Kerby,Kincaid,kkincaid27@eepurl.com,Female,11/15/2015
81,Edin,Barbrick,ebarbrick28@histats.com,Female,12/16/2011
82,Juanita,Sivyour,jsivyour29@so-net.ne.jp,Non-binary,8/22/2009
83,Jeremiah,McGawn,jmcgawn2a@deviantart.com,Female,2/25/2011
84,Korie,Dinneen,kdinneen2b@wsj.com,Female,12/11/2007
85,Mead,Broxup,mbroxup2c@fda.gov,Male,7/21/2014
86,Julie,Mainston,jmainston2d@ox.ac.uk,Male,4/30/2014
87,Dael,Perschke,dperschke2e@shutterfly.com,Male,10/5/2004
88,Urbain,Glenn,uglenn2f@go.com,Female,8/4/2018
89,Sharl,Ranns,sranns2g@deviantart.com,Female,7/22/2001
90,Ulises,Grattan,ugrattan2h@twitpic.com,Male,2/23/2009
91,Erik,Quaintance,equaintance2i@networksolutions.com,Male,12/30/2007
92,Egor,Sanbrook,esanbrook2j@discuz.net,Male,10/8/2004
93,Aveline,Higford,ahigford2k@google.es,Female,10/1/2002
94,Pascale,Costerd,pcosterd2l@artisteer.com,Male,1/21/2006
95,Malynda,Galsworthy,mgalsworthy2m@icio.us,Female,9/5/2013
96,Yorke,Rymill,yrymill2n@huffingtonpost.com,Female,7/19/2010
97,Robbie,Christaeas,rchristaeas2o@psu.edu,Female,6/12/2016
98,Johan,Marin,jmarin2p@ycombinator.com,Female,1/5/2021
99,Slade,Borth,sborth2q@ibm.com,Female,6/14/2005
100,Rosana,Craythorne,rcraythorne2r@blogspot.com,Female,9/20/2005
101,Cristina,Caen,ccaen2s@creativecommons.org,Female,6/29/2021
102,Kelcey,Plank,kplank2t@bigcartel.com,Female,5/9/2016
103,Jessee,Abercrombie,jabercrombie2u@amazonaws.com,Female,11/12/2001
104,Marielle,Besant,mbesant2v@si.edu,Male,1/28/2016
105,Farrand,Gillfillan,fgillfillan2w@samsung.com,Female,3/3/2010
106,Jyoti,Coarser,jcoarser2x@usgs.gov,Male,3/29/2005
107,Editha,Powter,epowter2y@bigcartel.com,Male,11/23/2003
108,Pepe,Vanderplas,pvanderplas2z@a8.net,Male,4/17/2014
109,Evangelia,Gorelli,egorelli30@chicagotribune.com,Female,5/20/2020
110,Tracey,Colqueran,tcolqueran31@globo.com,Agender,9/13/2008
111,Akim,Gildea,agildea32@geocities.jp,Female,10/30/2014
112,Kristal,Swinyard,kswinyard33@time.com,Female,1/6/2021
113,Pansie,Stuchbery,pstuchbery34@indiegogo.com,Male,2/15/2004
114,Dedie,Parman,dparman35@geocities.com,Female,4/3/2009
115,Roi,Del Monte,rdelmonte36@cargocollective.com,Non-binary,7/21/2018
116,Rusty,McIlhatton,rmcilhatton37@google.ca,Male,9/17/2019
117,Ware,Hannibal,whannibal38@scribd.com,Female,4/5/2020
118,Andriana,Bister,abister39@liveinternet.ru,Male,3/4/2010
119,Che,Preshaw,cpreshaw3a@mac.com,Male,7/16/2006
120,Kort,Mellor,kmellor3b@webeden.co.uk,Male,11/2/2011
121,Terrel,Somerlie,tsomerlie3c@goo.gl,Male,9/15/2008
122,Agatha,Kelle,akelle3d@macromedia.com,Male,11/4/2013
123,Reinaldo,Vigors,rvigors3e@google.de,Female,11/30/2006
124,Tamar,Locks,tlocks3f@arizona.edu,Male,5/23/2002
125,Vasily,Rahlof,vrahlof3g@flickr.com,Male,3/29/2005
126,Dur,Stitch,dstitch3h@chicagotribune.com,Female,6/7/2003
127,Noel,Chipping,nchipping3i@prweb.com,Non-binary,2/10/2018
128,Greggory,Ravelus,gravelus3j@cocolog-nifty.com,Female,11/23/2009
129,Eleanora,Droghan,edroghan3k@sourceforge.net,Bigender,9/21/2008
130,Thebault,Grimble,tgrimble3l@youtube.com,Male,2/17/2008
131,Cally,Verryan,cverryan3m@bloglines.com,Female,12/26/2011
132,Pollyanna,Roof,proof3n@github.com,Male,4/29/2005
133,Erminia,McKeating,emckeating3o@jigsy.com,Male,11/2/2015
134,Ignazio,Goodbar,igoodbar3p@sfgate.com,Male,2/27/2011
135,Matthieu,Korda,mkorda3q@vkontakte.ru,Male,2/11/2008
136,Janeva,Faircliff,jfaircliff3r@yahoo.com,Female,6/17/2020
137,Ardith,Hue,ahue3s@mit.edu,Non-binary,2/21/2010
138,Grete,Swendell,gswendell3t@tamu.edu,Female,4/29/2018
139,Marcela,Pontain,mpontain3u@reverbnation.com,Agender,10/28/2014
140,Nathan,Uman,numan3v@unc.edu,Female,8/19/2016
141,Tamara,Whistlecraft,twhistlecraft3w@fotki.com,Female,1/15/2014
142,Barrett,Holberry,bholberry3x@hugedomains.com,Female,2/1/2018
143,Dunn,Blackwell,dblackwell3y@house.gov,Female,1/3/2007
144,Eleen,Lough,elough3z@stanford.edu,Male,7/25/2019
145,Farris,Alkins,falkins40@theglobeandmail.com,Female,6/7/2012
146,Morganne,Barsby,mbarsby41@blogger.com,Female,10/31/2014
147,Jessalyn,MacAlroy,jmacalroy42@vimeo.com,Female,9/7/2018
148,Tedda,Peplay,tpeplay43@mysql.com,Female,12/7/2003
149,Haskel,Clappison,hclappison44@google.ru,Male,8/24/2011
150,Elisabet,Spittles,espittles45@google.com.au,Female,12/22/2015
151,Deane,Davidavidovics,ddavidavidovics46@tiny.cc,Female,4/3/2002
152,Tony,Thurley,tthurley47@mlb.com,Female,8/31/2005
153,Yuma,Nealand,ynealand48@blogspot.com,Female,11/6/2012
154,Michail,Ramsden,mramsden49@va.gov,Male,3/23/2019
155,Wilmette,Kubacki,wkubacki4a@reference.com,Male,1/8/2017
156,Bastian,Ray,bray4b@google.it,Bigender,7/13/2008
157,Mata,Ede,mede4c@xing.com,Female,12/6/2007
158,Marya,Cawdery,mcawdery4d@newsvine.com,Female,9/9/2019
159,Kipp,Alexandersson,kalexandersson4e@discuz.net,Male,12/3/2016
160,Ted,Stading,tstading4f@blogs.com,Female,6/25/2010
161,Burke,Lorkins,blorkins4g@tinypic.com,Female,2/12/2010
162,Trudie,Goggen,tgoggen4h@qq.com,Male,11/13/2001
163,Nichole,Dodshun,ndodshun4i@sciencedirect.com,Non-binary,7/18/2013
164,Franzen,O' Reagan,foreagan4j@latimes.com,Male,11/23/2011
165,Clerc,Gostall,cgostall4k@t-online.de,Male,10/5/2021
166,Julian,MacIan,jmacian4l@whitehouse.gov,Female,1/15/2007
167,Lucretia,Rosenschein,lrosenschein4m@chronoengine.com,Female,11/23/2007
168,Lucian,Dellit,ldellit4n@purevolume.com,Male,11/15/2014
169,Kacy,Aim,kaim4o@purevolume.com,Male,2/17/2021
170,Aurlie,Hadwick,ahadwick4p@ask.com,Male,8/31/2007
171,Edee,Pincott,epincott4q@i2i.jp,Female,2/6/2002
172,Mischa,Tommeo,mtommeo4r@plala.or.jp,Female,8/29/2010
173,Coletta,Espinazo,cespinazo4s@lulu.com,Female,6/30/2011
174,Nadiya,Brawley,nbrawley4t@ox.ac.uk,Male,10/12/2016
175,Web,Rabb,wrabb4u@tumblr.com,Female,7/29/2008
176,Corella,Tidcomb,ctidcomb4v@nps.gov,Genderfluid,5/26/2011
177,Marybeth,Fanning,mfanning4w@latimes.com,Female,10/9/2008
178,Thomasa,Cullnean,tcullnean4x@senate.gov,Genderfluid,6/3/2021
179,Rosco,Rochelle,rrochelle4y@reuters.com,Male,4/16/2021
180,Shepperd,Rentilll,srentilll4z@ebay.co.uk,Female,6/24/2016
181,Hilda,Braysher,hbraysher50@elpais.com,Female,5/5/2012
182,Laina,Comport,lcomport51@redcross.org,Female,5/5/2014
183,Douglas,Powlesland,dpowlesland52@cbc.ca,Female,7/15/2014
184,Isador,Longega,ilongega53@cbslocal.com,Female,7/8/2010
185,Ciro,Lackney,clackney54@cbsnews.com,Female,7/7/2008
186,Nomi,Quaife,nquaife55@chron.com,Female,7/2/2008
187,Lilla,Luxmoore,lluxmoore56@aol.com,Male,11/7/2017
188,Frannie,Karpenko,fkarpenko57@parallels.com,Male,5/20/2009
189,Pedro,Jardein,pjardein58@typepad.com,Male,1/27/2014
190,Alfreda,Olley,aolley59@home.pl,Female,4/17/2015
191,Domini,Filippucci,dfilippucci5a@tmall.com,Female,6/7/2020
192,Micheline,Morcom,mmorcom5b@wired.com,Female,4/3/2012
193,Bili,Greeveson,bgreeveson5c@miibeian.gov.cn,Female,1/30/2009
194,Sibley,O'Doherty,sodoherty5d@barnesandnoble.com,Genderfluid,10/17/2003
195,Martie,Matessian,mmatessian5e@prlog.org,Male,12/1/2004
196,Vidovic,Pietasch,vpietasch5f@upenn.edu,Female,5/19/2004
197,Cara,Kilgour,ckilgour5g@cbsnews.com,Male,9/2/2014
198,Hobart,Oxberry,hoxberry5h@virginia.edu,Male,9/7/2005
199,Gabriela,Jorat,gjorat5i@wired.com,Male,6/6/2007
200,Drake,Ensten,densten5j@google.nl,Male,6/19/2005
201,Town,Fibbit,tfibbit5k@myspace.com,Male,5/21/2006
202,Trueman,Bowra,tbowra5l@fotki.com,Male,9/14/2005
203,Kellen,Gail,kgail5m@foxnews.com,Female,7/20/2009
204,Consuela,Muckian,cmuckian5n@loc.gov,Male,10/17/2017
205,Zachary,Sweetmore,zsweetmore5o@sun.com,Genderfluid,9/13/2016
206,Harlie,Cobbledick,hcobbledick5p@businessinsider.com,Male,12/18/2006
207,Sanderson,Lissemore,slissemore5q@hc360.com,Male,12/15/2016
208,Faith,Waith,fwaith5r@ovh.net,Female,2/3/2017
209,Farrel,Stockin,fstockin5s@vinaora.com,Male,9/21/2012
210,Barny,Collelton,bcollelton5t@google.co.jp,Female,7/6/2009
211,Albertina,Chappell,achappell5u@ebay.com,Male,1/3/2018
212,Gerhardine,Pettyfer,gpettyfer5v@dell.com,Male,2/9/2017
213,Allegra,McIvor,amcivor5w@noaa.gov,Male,11/29/2017
214,Maxie,Berre,mberre5x@twitter.com,Male,6/29/2014
215,Trent,Fasham,tfasham5y@chicagotribune.com,Bigender,5/25/2006
216,Prentice,Dedon,pdedon5z@pbs.org,Male,8/3/2015
217,Charmain,Ryves,cryves60@zimbio.com,Female,2/24/2002
218,Sheela,Hulks,shulks61@nih.gov,Male,10/31/2015
219,Zaria,Waymont,zwaymont62@github.io,Agender,6/29/2010
220,Haskell,McIlroy,hmcilroy63@hao123.com,Female,3/27/2019
221,Ryley,Frounks,rfrounks64@mtv.com,Female,9/26/2008
222,Worden,Bouch,wbouch65@wiley.com,Male,9/1/2018
223,Brant,Kinner,bkinner66@rambler.ru,Male,5/23/2018
224,Ferne,Overton,foverton67@imdb.com,Female,10/25/2006
225,Meyer,Pitherick,mpitherick68@icio.us,Female,11/4/2018
226,Barnett,Dimmne,bdimmne69@weather.com,Female,11/10/2001
227,Jackqueline,Creaven,jcreaven6a@usgs.gov,Genderqueer,3/31/2018
228,Rodina,Gelland,rgelland6b@sitemeter.com,Male,6/7/2014
229,Bernardo,Wadeson,bwadeson6c@drupal.org,Male,5/23/2008
230,Margarita,Benfield,mbenfield6d@ed.gov,Female,7/10/2020
231,Waverly,Dunlea,wdunlea6e@bravesites.com,Male,7/27/2003
232,Margarete,Barstow,mbarstow6f@google.cn,Female,12/21/2021
233,Samara,Kindall,skindall6g@quantcast.com,Female,9/28/2020
234,Roxie,Giffin,rgiffin6h@upenn.edu,Female,10/1/2007
235,Persis,Kingshott,pkingshott6i@merriam-webster.com,Female,4/24/2004
236,Zach,Trobridge,ztrobridge6j@gov.uk,Polygender,10/9/2009
237,Gan,Schulter,gschulter6k@weather.com,Female,9/3/2004
238,Mano,Parradine,mparradine6l@1688.com,Bigender,4/19/2008
239,Colene,Holton,cholton6m@istockphoto.com,Male,2/28/2007
240,Lauryn,Angrave,langrave6n@illinois.edu,Female,2/1/2010
241,Montgomery,Avrahamy,mavrahamy6o@rakuten.co.jp,Female,12/21/2009
242,Enoch,McDell,emcdell6p@photobucket.com,Male,2/21/2019
243,Ezmeralda,Foad,efoad6q@bloglovin.com,Male,2/17/2021
244,Barnaby,Brightwell,bbrightwell6r@imdb.com,Male,2/4/2006
245,Tessie,Mieville,tmieville6s@who.int,Female,6/20/2007
246,Sonnie,Belloch,sbelloch6t@gmpg.org,Female,2/16/2007
247,Moira,Brugh,mbrugh6u@gnu.org,Female,3/8/2011
248,Ruggiero,Brookwood,rbrookwood6v@linkedin.com,Female,9/4/2002
249,Ruttger,Verecker,rverecker6w@japanpost.jp,Male,4/22/2007
250,Pammie,Grzelczyk,pgrzelczyk6x@amazon.co.uk,Female,5/20/2021
251,Margery,Schermick,mschermick6y@gravatar.com,Male,5/7/2008
252,Jacquelin,Barter,jbarter6z@soup.io,Genderfluid,7/23/2010
253,Kordula,Iban,kiban70@simplemachines.org,Male,6/6/2010
254,Maudie,Torresi,mtorresi71@redcross.org,Female,5/24/2001
255,Iosep,Benet,ibenet72@paginegialle.it,Female,9/27/2021
256,Stella,Zmitrichenko,szmitrichenko73@pcworld.com,Non-binary,4/26/2019
257,Olvan,Loeber,oloeber74@about.com,Female,12/30/2006
258,Desiri,Milmore,dmilmore75@mediafire.com,Female,3/4/2005
259,Elwira,Ruppel,eruppel76@tmall.com,Female,6/15/2002
260,Mellicent,Heliar,mheliar77@ucsd.edu,Male,11/16/2011
261,Curr,Gildroy,cgildroy78@answers.com,Genderfluid,12/5/2020
262,Tedi,Caven,tcaven79@a8.net,Female,8/2/2018
263,Josepha,Ensor,jensor7a@reverbnation.com,Male,9/20/2007
264,Harwilll,Michelmore,hmichelmore7b@illinois.edu,Female,11/6/2009
265,Marquita,Wittey,mwittey7c@omniture.com,Male,10/12/2020
266,Gun,Stempe,gstempe7d@joomla.org,Genderfluid,11/24/2010
267,Ignace,Martine,imartine7e@biglobe.ne.jp,Female,9/10/2003
268,Nissa,Spawforth,nspawforth7f@oaic.gov.au,Male,4/23/2008
269,Eadie,Omond,eomond7g@over-blog.com,Male,7/2/2020
270,Shaylah,Petrasek,spetrasek7h@163.com,Female,10/22/2012
271,Eachelle,Godson,egodson7i@imageshack.us,Female,7/20/2002
272,Lib,Britian,lbritian7j@imageshack.us,Male,7/30/2007
273,Ulises,Colbeck,ucolbeck7k@merriam-webster.com,Female,3/14/2005
274,Mariana,Hynam,mhynam7l@dmoz.org,Female,4/8/2008
275,Jolie,Mathen,jmathen7m@devhub.com,Male,2/21/2001
276,Deloris,Cropp,dcropp7n@skype.com,Female,11/13/2005
277,Friedrich,Bristoe,fbristoe7o@last.fm,Male,11/24/2013
278,Fredek,Minerdo,fminerdo7p@unc.edu,Male,12/6/2012
279,Adler,Puve,apuve7q@ucsd.edu,Female,7/13/2004
280,Hube,Alvey,halvey7r@apache.org,Male,3/23/2021
281,Lilas,Gurwood,lgurwood7s@bizjournals.com,Male,6/10/2010
282,Cooper,Kaming,ckaming7t@mlb.com,Male,9/5/2020
283,Shayne,Crabtree,scrabtree7u@live.com,Female,7/5/2016
284,Turner,Morfell,tmorfell7v@blogger.com,Female,5/12/2016
285,Fey,Cholmondeley,fcholmondeley7w@php.net,Female,1/17/2017
286,Yankee,Pizzey,ypizzey7x@amazon.com,Female,4/23/2008
287,Homerus,Rilston,hrilston7y@yolasite.com,Male,12/31/2008
288,Othilia,Whitrod,owhitrod7z@dailymotion.com,Female,7/13/2013
289,Linda,Canfield,lcanfield80@uiuc.edu,Female,11/15/2010
290,Goldina,Adney,gadney81@ocn.ne.jp,Female,6/27/2014
291,Boigie,Lewendon,blewendon82@pagesperso-orange.fr,Genderfluid,4/28/2014
292,Gaston,Troop,gtroop83@slashdot.org,Female,11/6/2021
293,Alanson,Gowing,agowing84@so-net.ne.jp,Polygender,8/11/2009
294,Shela,Maghull,smaghull85@merriam-webster.com,Female,4/15/2008
295,Adi,Iacobacci,aiacobacci86@xing.com,Female,9/17/2017
296,Friederike,Hambleton,fhambleton87@de.vu,Female,4/7/2008
297,Antonina,Gheorghe,agheorghe88@uol.com.br,Male,11/10/2003
298,Leena,Drew-Clifton,ldrewclifton89@elpais.com,Agender,1/8/2005
299,Findley,Jouannin,fjouannin8a@google.it,Female,1/24/2011
300,Micky,Janowicz,mjanowicz8b@foxnews.com,Agender,2/10/2007
301,Jedd,Lampen,jlampen8c@addtoany.com,Female,11/24/2004
302,Debi,Roughsedge,droughsedge8d@huffingtonpost.com,Male,3/7/2020
303,Orton,Middle,omiddle8e@ed.gov,Male,12/29/2021
304,Cort,Neath,cneath8f@pagesperso-orange.fr,Male,7/1/2008
305,Kristopher,Bocking,kbocking8g@pinterest.com,Female,4/14/2020
306,Carl,O'Luney,coluney8h@lulu.com,Male,10/14/2017
307,Aube,Dudson,adudson8i@google.de,Male,9/22/2005
308,Abner,Dawidowitz,adawidowitz8j@state.tx.us,Male,7/9/2011
309,Randene,Gillyett,rgillyett8k@jalbum.net,Female,11/23/2021
310,Alleyn,O'Carrol,aocarrol8l@mayoclinic.com,Female,5/20/2011
311,Lynda,Dunrige,ldunrige8m@amazon.de,Female,12/13/2003
312,Linell,Camden,lcamden8n@ustream.tv,Female,11/12/2001
313,Noella,Towndrow,ntowndrow8o@sina.com.cn,Female,11/12/2012
314,Sylvia,Rouge,srouge8p@webmd.com,Male,8/15/2007
315,Johnnie,Bollon,jbollon8q@a8.net,Male,12/7/2008
316,Homere,Smerdon,hsmerdon8r@discovery.com,Male,5/10/2002
317,Vladamir,Shuttlewood,vshuttlewood8s@altervista.org,Non-binary,6/22/2016
318,Matias,De Cruz,mdecruz8t@delicious.com,Female,10/29/2019
319,Seamus,Shields,sshields8u@businesswire.com,Male,2/13/2007
320,Webster,Benazet,wbenazet8v@cornell.edu,Female,10/23/2011
321,Hobart,McConville,hmcconville8w@msu.edu,Male,1/10/2019
322,Benjy,Imms,bimms8x@vimeo.com,Female,8/19/2006
323,Bellanca,Hinze,bhinze8y@printfriendly.com,Male,7/17/2017
324,Bartlet,Duggen,bduggen8z@samsung.com,Female,4/12/2017
325,Elisa,Polkinhorn,epolkinhorn90@java.com,Male,12/26/2007
326,Bartolemo,Spaldin,bspaldin91@yellowpages.com,Female,10/4/2002
327,Kristoffer,Treagus,ktreagus92@statcounter.com,Female,6/28/2008
328,Meade,Cosgry,mcosgry93@gizmodo.com,Non-binary,11/8/2010
329,Brice,Rignall,brignall94@chicagotribune.com,Female,3/28/2007
330,Alfreda,Doble,adoble95@squidoo.com,Male,6/14/2004
331,Morgun,Tonner,mtonner96@jimdo.com,Male,4/15/2013
332,Nathanael,Rosa,nrosa97@bbb.org,Female,7/13/2005
333,Michale,Sweetmore,msweetmore98@washingtonpost.com,Male,9/6/2003
334,Gav,Houldcroft,ghouldcroft99@wp.com,Female,6/17/2010
335,Isidro,Barme,ibarme9a@webeden.co.uk,Male,3/9/2003
336,Perry,Slaten,pslaten9b@rakuten.co.jp,Male,1/8/2018
337,Dorri,Duchenne,dduchenne9c@youtu.be,Genderfluid,7/25/2011
338,Boris,Krolle,bkrolle9d@senate.gov,Female,1/7/2002
339,Cull,Rawnsley,crawnsley9e@wsj.com,Male,3/7/2001
340,Arlan,Nolot,anolot9f@topsy.com,Female,6/14/2002
341,Templeton,Beetles,tbeetles9g@house.gov,Female,5/10/2001
342,Selene,Meriott,smeriott9h@indiatimes.com,Male,5/9/2016
343,Amandy,Klesel,aklesel9i@sitemeter.com,Male,11/14/2010
344,Emilia,Karadzas,ekaradzas9j@jiathis.com,Female,1/2/2001
345,Alano,Gianni,agianni9k@noaa.gov,Male,10/17/2010
346,Elvin,Ramirez,eramirez9l@bandcamp.com,Female,7/19/2001
347,Stephen,Semkins,ssemkins9m@google.es,Female,12/28/2019
348,Gavra,Tollett,gtollett9n@xing.com,Female,9/1/2012
349,Bethanne,Stork,bstork9o@gnu.org,Male,10/28/2003
350,Dunc,Dwire,ddwire9p@tiny.cc,Female,8/13/2001
351,Karon,Maginot,kmaginot9q@archive.org,Male,11/17/2016
352,Almeta,Haydney,ahaydney9r@behance.net,Male,6/16/2006
353,Kalle,Buckett,kbuckett9s@mysql.com,Male,2/2/2005
354,Kendra,Uccelli,kuccelli9t@microsoft.com,Male,2/10/2014
355,Gawen,Beddingham,gbeddingham9u@ask.com,Male,4/13/2015
356,Harland,O'Hoey,hohoey9v@rediff.com,Non-binary,1/5/2014
357,Benoite,Shovlin,bshovlin9w@constantcontact.com,Female,6/1/2012
358,Brietta,Bello,bbello9x@oracle.com,Female,12/7/2016
359,Karia,Doige,kdoige9y@surveymonkey.com,Male,10/5/2012
360,Aubrie,Irving,airving9z@linkedin.com,Female,8/22/2017
361,Clarabelle,Maggiore,cmaggiorea0@berkeley.edu,Male,5/23/2001
362,Rabi,Romaine,rromainea1@list-manage.com,Male,3/26/2020
363,Dalton,Gibbins,dgibbinsa2@slate.com,Male,1/21/2021
364,Ramsay,Clacey,rclaceya3@cmu.edu,Male,4/25/2002
365,Shane,Ralfe,sralfea4@domainmarket.com,Male,6/7/2006
366,Scottie,Bubbins,sbubbinsa5@bloglines.com,Male,12/21/2004
367,Car,Matantsev,cmatantseva6@cocolog-nifty.com,Male,12/30/2008
368,Burgess,Templman,btemplmana7@ameblo.jp,Male,11/19/2006
369,Johannes,Jedrych,jjedrycha8@indiatimes.com,Female,9/20/2016
370,Alano,Topp,atoppa9@nps.gov,Male,10/11/2006
371,Bartholemy,Teasdale-Markie,bteasdalemarkieaa@abc.net.au,Female,6/11/2003
372,Etty,Fellows,efellowsab@facebook.com,Male,1/3/2013
373,Hussein,Brocking,hbrockingac@redcross.org,Male,12/12/2006
374,Mabelle,Mandry,mmandryad@thetimes.co.uk,Polygender,6/13/2017
375,Daveen,Summerell,dsummerellae@usda.gov,Female,3/8/2005
376,Kimmie,Lawes,klawesaf@twitpic.com,Non-binary,2/14/2018
377,Adria,Branchflower,abranchflowerag@wired.com,Male,12/11/2007
378,De witt,Hitzmann,dhitzmannah@usda.gov,Female,7/27/2007
379,Ange,Tofanelli,atofanelliai@desdev.cn,Male,1/22/2009
380,Timmie,Cyson,tcysonaj@reverbnation.com,Male,7/23/2014
381,Giulietta,Sirl,gsirlak@npr.org,Female,9/16/2001
382,Arabella,Ingrey,aingreyal@smugmug.com,Female,6/22/2020
383,Lucila,Fiorentino,lfiorentinoam@twitter.com,Female,11/1/2014
384,Dickie,Spancock,dspancockan@fc2.com,Agender,8/28/2001
385,Lyn,Sergeant,lsergeantao@plala.or.jp,Female,7/7/2017
386,Janetta,Bebb,jbebbap@istockphoto.com,Female,2/6/2003
387,Parker,Dummer,pdummeraq@shareasale.com,Polygender,8/23/2014
388,Mendy,Slot,mslotar@nsw.gov.au,Male,1/22/2006
389,Alano,Mitchely,amitchelyas@rediff.com,Male,7/13/2016
390,Gerard,Bax,gbaxat@craigslist.org,Female,3/9/2002
391,Kristi,Yerlett,kyerlettau@nhs.uk,Male,11/18/2006
392,Therine,Benzi,tbenziav@psu.edu,Male,10/12/2017
393,Vivie,Barbe,vbarbeaw@jalbum.net,Male,4/24/2018
394,Nikolia,Trees,ntreesax@ted.com,Male,11/23/2010
395,Maurita,Titford,mtitforday@parallels.com,Female,5/4/2012
396,Christin,Mabee,cmabeeaz@google.nl,Female,5/21/2005
397,Andriette,Carcass,acarcassb0@ihg.com,Male,2/3/2011
398,Chicky,Geaney,cgeaneyb1@sohu.com,Male,10/25/2015
399,Maire,Lancashire,mlancashireb2@xing.com,Male,8/26/2014
400,Sollie,Lindsay,slindsayb3@indiegogo.com,Female,10/10/2005
401,Hunfredo,De la Yglesia,hdelayglesiab4@livejournal.com,Female,8/12/2010
402,Piggy,Van,pvanb5@devhub.com,Female,1/13/2020
403,Mervin,Forshaw,mforshawb6@discovery.com,Female,6/26/2017
404,Salomone,Durrell,sdurrellb7@tamu.edu,Male,3/28/2006
405,Joanne,Bartoszek,jbartoszekb8@epa.gov,Male,9/15/2004
406,Costanza,Boustead,cbousteadb9@newyorker.com,Female,4/6/2017
407,Iona,Oller,iollerba@jimdo.com,Female,6/11/2006
408,Edwina,Angeli,eangelibb@clickbank.net,Female,2/24/2002
409,Charlot,Parffrey,cparffreybc@aol.com,Male,4/1/2015
410,Gertie,O'Cahill,gocahillbd@dropbox.com,Female,7/13/2020
411,Yelena,Mossbee,ymossbeebe@wisc.edu,Female,1/23/2018
412,Tristan,Daingerfield,tdaingerfieldbf@geocities.jp,Female,1/17/2017
413,Libby,Bergeon,lbergeonbg@odnoklassniki.ru,Male,4/22/2021
414,Jan,Pattesall,jpattesallbh@vkontakte.ru,Female,6/8/2015
415,Agace,Deniscke,adenisckebi@webs.com,Female,12/16/2010
416,Goddard,Quilliam,gquilliambj@aol.com,Female,7/11/2016
417,Francine,Sheather,fsheatherbk@engadget.com,Female,7/17/2018
418,Dori,Boscher,dboscherbl@hugedomains.com,Non-binary,6/8/2019
419,Louie,Roggero,lroggerobm@wp.com,Female,9/20/2021
420,Linnea,Greed,lgreedbn@cnbc.com,Male,5/10/2007
421,Trudi,Pay,tpaybo@lulu.com,Female,1/16/2017
422,Llywellyn,Gianotti,lgianottibp@newsvine.com,Bigender,12/12/2004
423,Yorke,Swinerd,yswinerdbq@bravesites.com,Male,6/24/2018
424,Zia,Dougary,zdougarybr@skype.com,Female,3/24/2002
425,Amory,Carthew,acarthewbs@xinhuanet.com,Female,5/9/2020
426,Mireille,Wink,mwinkbt@mit.edu,Male,1/20/2022
427,Glen,Nutting,gnuttingbu@baidu.com,Female,7/12/2017
428,Norrie,Devereu,ndevereubv@dedecms.com,Male,5/10/2008
429,Leland,Gerrit,lgerritbw@apache.org,Female,6/4/2005
430,Gavan,Clynter,gclynterbx@skyrock.com,Female,11/29/2021
431,Elane,Quarton,equartonby@scribd.com,Female,1/12/2015
432,Merrile,Pilger,mpilgerbz@icio.us,Male,11/5/2006
433,Kat,Tumayan,ktumayanc0@amazon.co.jp,Female,11/1/2003
434,Haley,Chamley,hchamleyc1@microsoft.com,Male,5/23/2008
435,Otto,Blaby,oblabyc2@cdbaby.com,Male,5/31/2021
436,Kilian,Woolgar,kwoolgarc3@vk.com,Male,4/3/2012
437,Shurlocke,Kells,skellsc4@typepad.com,Male,2/14/2016
438,Kirsti,MacVaugh,kmacvaughc5@prweb.com,Male,1/21/2011
439,Berna,Toten,btotenc6@google.co.jp,Female,8/22/2019
440,Peggy,Feake,pfeakec7@prnewswire.com,Female,6/23/2013
441,Jeanine,Scamadine,jscamadinec8@sohu.com,Male,7/4/2014
442,Lorne,Jakoubek,ljakoubekc9@blinklist.com,Female,1/23/2018
443,Joann,Ferrarini,jferrarinica@paginegialle.it,Female,9/26/2013
444,Wendye,Harlowe,wharlowecb@myspace.com,Female,4/20/2006
445,Giuseppe,Coucher,gcouchercc@intel.com,Female,12/10/2007
446,Hanson,Wenman,hwenmancd@shop-pro.jp,Male,8/14/2007
447,Sherwin,Effnert,seffnertce@google.ca,Female,1/18/2002
448,Grace,Linturn,glinturncf@state.gov,Female,4/19/2004
449,Darrelle,Akehurst,dakehurstcg@reddit.com,Male,12/12/2001
450,Lisha,Bramwell,lbramwellch@xinhuanet.com,Male,10/23/2018
451,Diana,Robottom,drobottomci@pcworld.com,Female,1/17/2002
452,Brinn,Lammers,blammerscj@businessinsider.com,Male,12/27/2015
453,Georgeanne,Emmanuele,gemmanueleck@imdb.com,Female,5/5/2009
454,Preston,Bartrap,pbartrapcl@hud.gov,Female,3/7/2002
455,Glen,Guillet,gguilletcm@livejournal.com,Genderfluid,10/12/2005
456,Nicolai,Slavin,nslavincn@amazon.co.jp,Agender,7/3/2008
457,Joleen,Crabb,jcrabbco@clickbank.net,Agender,11/1/2015
458,Melisse,Facher,mfachercp@deliciousdays.com,Female,1/8/2009
459,Row,Wolfenden,rwolfendencq@youtu.be,Male,3/10/2013
460,Jobi,Birchenhead,jbirchenheadcr@cornell.edu,Female,11/29/2002
461,Nikki,Nansom,nnansomcs@csmonitor.com,Male,1/30/2020
462,Joeann,Fronek,jfronekct@deviantart.com,Female,7/26/2021
463,Moselle,East,meastcu@php.net,Male,1/19/2005
464,Dylan,Toynbee,dtoynbeecv@clickbank.net,Male,7/25/2001
465,Melisa,Dutt,mduttcw@goo.gl,Female,5/4/2017
466,Tye,Brayford,tbrayfordcx@yellowpages.com,Female,12/3/2017
467,Lezley,Hearnah,lhearnahcy@google.pl,Female,2/9/2015
468,Alwin,Juorio,ajuoriocz@yolasite.com,Female,3/29/2019
469,Hedvige,Murley,hmurleyd0@wsj.com,Female,10/27/2021
470,Averyl,Brennans,abrennansd1@theguardian.com,Male,1/1/2003
471,Boonie,Ghidoni,bghidonid2@yahoo.com,Non-binary,8/12/2020
472,Emmalee,Acum,eacumd3@bloglovin.com,Male,1/11/2010
473,Thane,Trattles,ttrattlesd4@woothemes.com,Male,4/23/2018
474,Rebekkah,Klasing,rklasingd5@blogtalkradio.com,Genderqueer,6/1/2010
475,Pearline,Lebbon,plebbond6@paypal.com,Female,7/27/2007
476,Marlin,Ruilton,mruiltond7@simplemachines.org,Female,10/20/2016
477,Robinson,Croll,rcrolld8@shop-pro.jp,Female,4/30/2014
478,Cate,Salvin,csalvind9@ibm.com,Male,6/16/2010
479,Hamilton,Kuzemka,hkuzemkada@washingtonpost.com,Male,1/22/2008
480,Winthrop,Tesh,wteshdb@ucsd.edu,Male,1/10/2001
481,Tuesday,Thorbon,tthorbondc@mozilla.org,Female,7/24/2017
482,Vin,McGown,vmcgowndd@csmonitor.com,Female,2/15/2017
483,Eolanda,Stutte,estuttede@scientificamerican.com,Female,4/24/2008
484,Genovera,Barrie,gbarriedf@blogs.com,Male,12/19/2017
485,Georgetta,Harsnipe,gharsnipedg@engadget.com,Female,10/17/2010
486,Bailie,Conniam,bconniamdh@qq.com,Female,7/14/2009
487,Bambi,Seydlitz,bseydlitzdi@ycombinator.com,Male,11/16/2012
488,Jenica,Kuban,jkubandj@ow.ly,Male,3/13/2003
489,Nisse,Sherr,nsherrdk@php.net,Female,1/4/2009
490,Redford,Geaveny,rgeavenydl@techcrunch.com,Female,5/8/2012
491,Tiffany,Syncke,tsynckedm@bandcamp.com,Female,8/6/2003
492,Johnathon,Crosskill,jcrosskilldn@zdnet.com,Male,11/6/2021
493,Aylmer,Lamey,alameydo@guardian.co.uk,Male,9/3/2014
494,Mortimer,Ren,mrendp@ycombinator.com,Male,5/8/2014
495,Earl,Roskeilly,eroskeillydq@artisteer.com,Male,10/11/2020
496,Hort,Bernini,hberninidr@wsj.com,Female,9/30/2019
497,Winfield,Mawer,wmawerds@mapy.cz,Male,2/3/2015
498,Hetti,De Bruyne,hdebruynedt@odnoklassniki.ru,Male,1/24/2003
499,Vivyanne,Brugh,vbrughdu@etsy.com,Female,8/31/2016
500,Ryan,Leamy,rleamydv@blinklist.com,Female,6/12/2002
501,Augustin,Fallows,afallowsdw@webs.com,Male,2/15/2021
502,Andreas,Blakeley,ablakeleydx@ameblo.jp,Polygender,2/10/2007
503,Natasha,Abercrombie,nabercrombiedy@army.mil,Male,1/15/2020
504,Tris,Lutz,tlutzdz@taobao.com,Female,12/11/2020
505,Carey,Corringham,ccorringhame0@bbb.org,Female,3/12/2019
506,Romola,O'Gormally,rogormallye1@gizmodo.com,Female,5/11/2010
507,Griffie,Cowerd,gcowerde2@ustream.tv,Male,4/4/2001
508,Maia,Liverock,mliverocke3@nhs.uk,Female,7/17/2020
509,Ker,Ivanilov,kivanilove4@slashdot.org,Male,7/23/2021
510,Maxi,Doolan,mdoolane5@i2i.jp,Female,5/1/2009
511,Rafi,Fillis,rfillise6@cafepress.com,Female,6/30/2008
512,Shanda,Levee,sleveee7@sfgate.com,Bigender,7/12/2009
513,Freda,Edgler,fedglere8@mail.ru,Male,10/29/2006
514,Austen,Dumingo,adumingoe9@goodreads.com,Female,11/24/2017
515,Enriqueta,Bramall,ebramallea@cnbc.com,Genderqueer,11/29/2007
516,Jaime,Mistry,jmistryeb@narod.ru,Female,9/9/2021
517,Emmalee,Barhams,ebarhamsec@delicious.com,Male,7/2/2015
518,Guido,Walkley,gwalkleyed@soup.io,Male,9/30/2010
519,Denna,Gersam,dgersamee@illinois.edu,Male,7/29/2015
520,Sly,Carless,scarlessef@dropbox.com,Male,9/21/2019
521,Anderson,Dishmon,adishmoneg@geocities.jp,Female,7/14/2012
522,Gertrud,Capelen,gcapeleneh@whitehouse.gov,Male,9/19/2002
523,Emmaline,Curror,ecurrorei@simplemachines.org,Female,1/4/2014
524,Chauncey,Hek,chekej@google.com.hk,Male,2/28/2003
525,Arron,Rhubottom,arhubottomek@acquirethisname.com,Male,7/11/2016
526,Juli,O'Hara,joharael@360.cn,Genderfluid,8/7/2010
527,Ira,Grut,igrutem@hubpages.com,Male,2/13/2014
528,Berton,Muzzlewhite,bmuzzlewhiteen@archive.org,Male,6/26/2006
529,Witty,Gerram,wgerrameo@xinhuanet.com,Male,3/12/2004
530,Elvyn,Klass,eklassep@networksolutions.com,Male,1/7/2010
531,Ami,Chicotti,achicottieq@g.co,Female,7/7/2005
532,Judith,Selkirk,jselkirker@ted.com,Female,11/28/2006
533,Giulia,Bielfeld,gbielfeldes@disqus.com,Male,12/22/2019
534,Abbi,Malyj,amalyjet@wufoo.com,Male,5/10/2021
535,Tierney,Greening,tgreeningeu@rakuten.co.jp,Female,6/29/2010
536,Shaw,Raiman,sraimanev@booking.com,Male,8/13/2017
537,Amandie,Nazareth,anazarethew@themeforest.net,Male,1/7/2008
538,Ardenia,Langelay,alangelayex@upenn.edu,Male,7/3/2016
539,Caril,Dreus,cdreusey@pinterest.com,Male,1/11/2001
540,Alleen,Bundy,abundyez@dedecms.com,Female,5/13/2008
541,Jae,Gresly,jgreslyf0@youtube.com,Female,2/23/2015
542,Luella,Paolo,lpaolof1@mashable.com,Female,8/4/2020
543,Shayne,Skelcher,sskelcherf2@eepurl.com,Female,4/28/2009
544,Henryetta,Ranklin,hranklinf3@bluehost.com,Male,8/18/2013
545,Tessa,Brocking,tbrockingf4@bbb.org,Male,8/19/2021
546,Joellen,Oggers,joggersf5@taobao.com,Polygender,1/8/2021
547,Kennett,Pearl,kpearlf6@ebay.com,Female,3/19/2008
548,Abra,Gutowski,agutowskif7@so-net.ne.jp,Non-binary,3/25/2018
549,Hamlen,Benoiton,hbenoitonf8@flickr.com,Male,4/4/2013
550,Elijah,Jephcote,ejephcotef9@admin.ch,Female,10/11/2001
551,Amory,Elstone,aelstonefa@phpbb.com,Female,4/26/2011
552,Vania,Dennett,vdennettfb@unesco.org,Agender,1/28/2004
553,Ulberto,Lutz,ulutzfc@marriott.com,Female,11/22/2001
554,Krista,Garbutt,kgarbuttfd@weibo.com,Male,5/1/2012
555,Evelina,Penman,epenmanfe@godaddy.com,Female,4/18/2005
556,Tedda,Strathearn,tstrathearnff@blinklist.com,Bigender,8/19/2008
557,Freddy,Rudloff,frudlofffg@163.com,Male,12/29/2013
558,Auberta,Bleier,ableierfh@rambler.ru,Male,7/16/2019
559,Jacky,Szubert,jszubertfi@home.pl,Female,9/19/2006
560,Cullen,Blankau,cblankaufj@virginia.edu,Male,5/27/2003
561,Ulrika,Calafato,ucalafatofk@walmart.com,Female,7/1/2016
562,Dene,Reeder,dreederfl@feedburner.com,Male,8/8/2021
563,Ariella,Rigmand,arigmandfm@nationalgeographic.com,Female,8/26/2016
564,Ivor,Yanov,iyanovfn@webmd.com,Female,1/4/2008
565,Reta,Llewhellin,rllewhellinfo@blogtalkradio.com,Female,4/23/2014
566,Kellen,Ierland,kierlandfp@cisco.com,Female,5/23/2006
567,Georges,Sulman,gsulmanfq@japanpost.jp,Male,6/11/2018
568,Vincents,Tuke,vtukefr@cbslocal.com,Male,12/29/2019
569,Carly,Caulcott,ccaulcottfs@4shared.com,Genderqueer,6/19/2010
570,Birdie,Plumstead,bplumsteadft@marketwatch.com,Male,6/26/2017
571,Marten,Ply,mplyfu@gnu.org,Female,11/11/2017
572,Hadrian,Coxhead,hcoxheadfv@1und1.de,Male,8/7/2011
573,Sallee,Gringley,sgringleyfw@ed.gov,Male,1/4/2007
574,Hussein,Farny,hfarnyfx@timesonline.co.uk,Male,6/25/2007
575,Ermin,Licari,elicarify@discuz.net,Male,7/21/2010
576,Shaw,Murrow,smurrowfz@tripod.com,Female,11/28/2015
577,Carmelia,Haile,chaileg0@sina.com.cn,Male,7/2/2004
578,Brittne,Leads,bleadsg1@nymag.com,Male,3/6/2021
579,Dwight,Gater,dgaterg2@loc.gov,Male,11/2/2009
580,Dalt,Frears,dfrearsg3@umich.edu,Genderqueer,1/8/2006
581,Julie,Carlaw,jcarlawg4@yellowbook.com,Female,5/8/2007
582,Tish,Gorghetto,tgorghettog5@tinyurl.com,Female,4/30/2007
583,Anett,McCreedy,amccreedyg6@sphinn.com,Male,12/19/2002
584,Viviana,Culleton,vculletong7@theatlantic.com,Male,3/8/2003
585,Allard,Paszek,apaszekg8@acquirethisname.com,Male,1/27/2009
586,Prudy,Erskine,perskineg9@who.int,Male,3/14/2020
587,Kamila,Szepe,kszepega@cnbc.com,Female,10/5/2003
588,Thaddeus,Gegay,tgegaygb@pcworld.com,Male,4/6/2012
589,Nolie,Kyndred,nkyndredgc@sohu.com,Female,4/12/2019
590,Dina,Aldwick,daldwickgd@jalbum.net,Female,11/29/2015
591,Janessa,Bernaldez,jbernaldezge@wp.com,Male,2/8/2020
592,Helaina,Blevin,hblevingf@feedburner.com,Male,3/28/2009
593,Matias,Emblen,memblengg@imdb.com,Female,9/20/2014
594,Astra,Smieton,asmietongh@mayoclinic.com,Polygender,5/24/2006
595,Marcos,Shugg,mshugggi@pagesperso-orange.fr,Female,8/7/2021
596,Deerdre,Colston,dcolstongj@dailymotion.com,Female,11/22/2009
597,Melvin,Swash,mswashgk@jugem.jp,Bigender,4/9/2003
598,Benedetta,Sked,bskedgl@aboutads.info,Female,4/15/2018
599,Judith,Klisch,jklischgm@nsw.gov.au,Female,12/27/2014
600,Don,Wakelam,dwakelamgn@ifeng.com,Male,5/1/2019
601,Berrie,Schultze,bschultzego@google.nl,Female,9/26/2020
602,Izak,Cavilla,icavillagp@over-blog.com,Male,2/28/2004
603,Orelie,Esbrook,oesbrookgq@joomla.org,Male,2/4/2001
604,Chryste,Tash,ctashgr@economist.com,Male,10/8/2007
605,Katrinka,Legging,klegginggs@nasa.gov,Male,8/29/2001
606,Pierre,Bromell,pbromellgt@samsung.com,Male,7/22/2012
607,Frasquito,Stockford,fstockfordgu@ovh.net,Male,4/6/2019
608,Myron,Critchley,mcritchleygv@berkeley.edu,Female,8/11/2002
609,Pauly,Eunson,peunsongw@rambler.ru,Female,12/19/2004
610,Armando,Caherny,acahernygx@ft.com,Female,5/26/2015
611,Olenka,Mortimer,omortimergy@google.it,Female,12/8/2001
612,Leora,Norree,lnorreegz@ucoz.ru,Female,4/15/2015
613,Callida,Briamo,cbriamoh0@noaa.gov,Female,6/20/2021
614,Dianemarie,Edmund,dedmundh1@csmonitor.com,Male,6/3/2010
615,Merrill,Beevors,mbeevorsh2@topsy.com,Genderqueer,6/6/2018
616,Paolo,Freiburger,pfreiburgerh3@a8.net,Male,8/30/2017
617,Manfred,Barrow,mbarrowh4@mlb.com,Male,1/16/2012
618,Carmita,Ryman,crymanh5@huffingtonpost.com,Female,1/26/2007
619,Jedd,Joskowicz,jjoskowiczh6@digg.com,Female,3/26/2011
620,Eloise,Haugen,ehaugenh7@dedecms.com,Male,10/11/2010
621,Clotilda,Walls,cwallsh8@addtoany.com,Female,7/2/2004
622,Trish,Deport,tdeporth9@toplist.cz,Female,7/19/2006
623,Phil,Ferguson,pfergusonha@networksolutions.com,Male,12/31/2004
624,Melinda,Atterley,matterleyhb@mashable.com,Female,6/19/2008
625,Broddie,Hillborne,bhillbornehc@paypal.com,Female,12/25/2006
626,Bailie,L'Hommeau,blhommeauhd@ft.com,Female,3/11/2005
627,Crichton,Mapledorum,cmapledorumhe@google.es,Male,12/18/2005
628,Jillian,Vowell,jvowellhf@hatena.ne.jp,Male,2/11/2012
629,Viviana,Llywarch,vllywarchhg@bbb.org,Female,12/30/2005
630,Alyce,Mathiasen,amathiasenhh@exblog.jp,Male,6/16/2013
631,Constanta,Dorricott,cdorricotthi@nasa.gov,Female,5/5/2004
632,Ferne,Plaice,fplaicehj@umn.edu,Male,1/5/2011
633,Edsel,Byrd,ebyrdhk@123-reg.co.uk,Male,6/22/2009
634,Cece,MacMenemy,cmacmenemyhl@jalbum.net,Female,7/9/2011
635,Bertine,Roslen,broslenhm@google.com,Male,1/6/2012
636,Cobbie,Kirkbright,ckirkbrighthn@123-reg.co.uk,Male,6/30/2009
637,Mannie,Kohlert,mkohlertho@princeton.edu,Female,3/8/2002
638,Bordy,Bonehill,bbonehillhp@unblog.fr,Female,11/14/2015
639,Cynthea,Dawtre,cdawtrehq@marriott.com,Male,4/6/2013
640,Rayshell,Allery,ralleryhr@dailymotion.com,Male,1/23/2010
641,Elaine,Dybald,edybaldhs@wisc.edu,Male,10/5/2020
642,Ave,Goldberg,agoldberght@salon.com,Male,4/23/2001
643,Gerome,Eschelle,geschellehu@is.gd,Male,10/3/2018
644,Alice,Moncreiffe,amoncreiffehv@dion.ne.jp,Male,2/8/2007
645,Maribeth,Speedin,mspeedinhw@wix.com,Male,10/2/2005
646,Levi,Flobert,lfloberthx@bluehost.com,Male,7/16/2014
647,Karilynn,Leil,kleilhy@lycos.com,Female,2/27/2015
648,Beaufort,Revitt,brevitthz@sohu.com,Female,1/19/2014
649,Derk,Flooks,dflooksi0@senate.gov,Female,7/5/2009
650,Brandyn,Antley,bantleyi1@about.me,Male,1/31/2010
651,Thebault,Tonsley,ttonsleyi2@slideshare.net,Female,7/15/2012
652,Dennis,Killner,dkillneri3@joomla.org,Female,4/3/2004
653,Dannie,Thornborrow,dthornborrowi4@usnews.com,Female,11/18/2018
654,Konstantin,Graith,kgraithi5@wufoo.com,Genderqueer,10/21/2008
655,Cristina,Franek,cfraneki6@t.co,Male,11/24/2020
656,Vassily,Filtness,vfiltnessi7@noaa.gov,Male,10/26/2002
657,Nicolle,Haukey,nhaukeyi8@mapquest.com,Female,11/14/2006
658,Nicolai,Fessby,nfessbyi9@i2i.jp,Bigender,8/25/2009
659,Claudetta,Winspare,cwinspareia@un.org,Male,1/4/2006
660,Gunther,Macbeth,gmacbethib@mediafire.com,Male,4/26/2006
661,Lisbeth,Simacek,lsimacekic@google.it,Female,5/25/2021
662,Rosemarie,Gellett,rgellettid@google.de,Female,8/21/2021
663,Nike,Bell,nbellie@istockphoto.com,Female,12/29/2017
664,Barbra,Endrighi,bendrighiif@livejournal.com,Female,3/27/2021
665,Doralia,Soffe,dsoffeig@baidu.com,Male,4/10/2001
666,Madel,Dicky,mdickyih@umn.edu,Female,4/22/2005
667,Darcy,Solano,dsolanoii@geocities.com,Female,9/18/2012
668,Rori,Strattan,rstrattanij@yellowpages.com,Male,9/18/2010
669,Caitrin,Le Conte,cleconteik@ovh.net,Female,5/9/2007
670,Kellen,Trewartha,ktrewarthail@google.fr,Male,4/20/2002
671,Gery,Fitzer,gfitzerim@tuttocitta.it,Female,6/12/2017
672,Odessa,Shurman,oshurmanin@disqus.com,Female,3/4/2002
673,Cosme,Barthropp,cbarthroppio@freewebs.com,Male,4/4/2007
674,Brandais,Glidden,bgliddenip@ft.com,Polygender,2/19/2018
675,Marya,Walsh,mwalshiq@google.cn,Male,1/28/2018
676,Lottie,Rozycki,lrozyckiir@reuters.com,Male,1/30/2005
677,Valli,McOmish,vmcomishis@webmd.com,Male,12/3/2015
678,Jazmin,Borton,jbortonit@ifeng.com,Male,7/14/2009
679,Deeyn,Caras,dcarasiu@time.com,Female,10/25/2017
680,Mozelle,Palfreman,mpalfremaniv@uiuc.edu,Female,10/8/2010
681,Jaymee,Illesley,jillesleyiw@g.co,Female,8/18/2020
682,Lukas,Diggins,ldigginsix@ft.com,Female,9/10/2017
683,Sterling,Olliar,solliariy@walmart.com,Male,8/21/2019
684,Ash,Hubner,ahubneriz@statcounter.com,Genderfluid,12/28/2019
685,Kristen,Litton,klittonj0@bing.com,Female,11/15/2010
686,Augustus,Lilford,alilfordj1@theatlantic.com,Male,10/2/2017
687,Emlyn,Mulvagh,emulvaghj2@umn.edu,Male,7/13/2003
688,Martie,McGuggy,mmcguggyj3@1und1.de,Male,10/19/2007
689,Dew,Blevin,dblevinj4@skype.com,Male,10/13/2021
690,Eda,Monshall,emonshallj5@infoseek.co.jp,Male,2/27/2001
691,Saxe,MacGillivray,smacgillivrayj6@g.co,Male,4/1/2014
692,Jania,Griffiths,jgriffithsj7@canalblog.com,Male,5/7/2007
693,Hans,End,hendj8@nsw.gov.au,Female,7/13/2010
694,Estelle,Strettle,estrettlej9@sfgate.com,Male,11/28/2002
695,Jasmine,Ryland,jrylandja@tiny.cc,Female,6/17/2015
696,Isabelle,Rafferty,iraffertyjb@blogspot.com,Bigender,5/21/2009
697,Andreana,Milne,amilnejc@wikia.com,Female,4/17/2002
698,Rozalin,Renzini,rrenzinijd@dmoz.org,Male,10/31/2012
699,Peri,Sayward,psaywardje@blinklist.com,Female,6/30/2021
700,Dulcia,Rignoldes,drignoldesjf@marketwatch.com,Bigender,5/18/2010
701,Remus,Pady,rpadyjg@cloudflare.com,Male,9/29/2017
702,Karry,Gilstin,kgilstinjh@economist.com,Male,2/13/2020
703,Rudd,Snassell,rsnassellji@techcrunch.com,Male,5/27/2003
704,Khalil,Greensall,kgreensalljj@jigsy.com,Male,3/27/2001
705,Jana,Tocknell,jtocknelljk@elegantthemes.com,Female,1/15/2004
706,Grenville,Gwinnett,ggwinnettjl@salon.com,Genderqueer,9/28/2013
707,Ronald,Brent,rbrentjm@mac.com,Female,3/15/2018
708,Maryann,Van der Merwe,mvandermerwejn@google.pl,Female,5/11/2005
709,Prentiss,Wintle,pwintlejo@etsy.com,Male,5/12/2017
710,Royal,Bontein,rbonteinjp@usda.gov,Male,3/7/2014
711,Margy,Agass,magassjq@reverbnation.com,Polygender,7/25/2012
712,Simone,Hullah,shullahjr@forbes.com,Agender,7/8/2011
713,Gilbertina,Tough,gtoughjs@ucsd.edu,Male,5/10/2017
714,Travis,Gabriel,tgabrieljt@usa.gov,Male,12/16/2010
715,Kathryne,Tague,ktagueju@ibm.com,Male,12/12/2019
716,Jocelyn,Pinckard,jpinckardjv@arizona.edu,Male,3/27/2014
717,Annecorinne,Goodby,agoodbyjw@bizjournals.com,Female,11/7/2010
718,Risa,Porkiss,rporkissjx@lycos.com,Female,10/17/2010
719,Dania,Brotherick,dbrotherickjy@google.com.br,Male,12/19/2012
720,Gasper,Starie,gstariejz@spiegel.de,Male,4/26/2018
721,Burch,Leet,bleetk0@netvibes.com,Male,5/21/2011
722,Sarah,Clemerson,sclemersonk1@yandex.ru,Female,10/26/2003
723,Cull,Randell,crandellk2@fc2.com,Female,12/31/2007
724,Quentin,Gallahue,qgallahuek3@furl.net,Male,8/3/2008
725,Bernardine,Kadd,bkaddk4@123-reg.co.uk,Male,4/2/2006
726,Katalin,Lowe,klowek5@google.nl,Male,2/8/2018
727,Obed,Shorbrook,oshorbrookk6@liveinternet.ru,Male,7/31/2014
728,Somerset,Haythorne,shaythornek7@theguardian.com,Male,10/26/2021
729,Brady,Newberry,bnewberryk8@ycombinator.com,Female,4/1/2003
730,Edi,Mumbey,emumbeyk9@wunderground.com,Male,6/2/2009
731,Onofredo,Rattry,orattryka@dyndns.org,Male,5/29/2020
732,Anatol,Regorz,aregorzkb@geocities.jp,Male,1/1/2011
733,Tove,Llywarch,tllywarchkc@fastcompany.com,Female,10/15/2019
734,Wini,Macon,wmaconkd@miibeian.gov.cn,Female,12/12/2007
735,Bonnie,Patroni,bpatronike@free.fr,Polygender,1/12/2003
736,Juline,Barnicott,jbarnicottkf@cbslocal.com,Male,10/15/2005
737,Donnie,Vinecombe,dvinecombekg@wikimedia.org,Male,3/28/2001
738,Lexine,Porter,lporterkh@unicef.org,Male,1/18/2007
739,Xavier,Sonner,xsonnerki@senate.gov,Female,11/19/2006
740,Dolley,Goult,dgoultkj@is.gd,Female,3/14/2020
741,Sophia,Raywood,sraywoodkk@usgs.gov,Male,9/2/2007
742,Dorothy,Runchman,drunchmankl@squarespace.com,Male,11/13/2008
743,Juli,Hinstridge,jhinstridgekm@columbia.edu,Female,3/11/2003
744,Garrot,Harber,gharberkn@eepurl.com,Male,1/13/2006
745,Dario,Jamme,djammeko@umn.edu,Female,9/28/2015
746,Opalina,Narey,onareykp@twitpic.com,Male,2/25/2016
747,Matthias,Bensley,mbensleykq@shop-pro.jp,Male,6/8/2010
748,Mario,Wilber,mwilberkr@examiner.com,Female,5/28/2003
749,Juan,Agglione,jagglioneks@cbslocal.com,Bigender,4/17/2008
750,Tybalt,Heaford,theafordkt@thetimes.co.uk,Female,6/12/2010
751,Sarena,Baert,sbaertku@walmart.com,Male,8/3/2013
752,Lil,Bonehill,lbonehillkv@msn.com,Female,7/25/2002
753,Hyacinthie,Lukasen,hlukasenkw@imgur.com,Female,5/22/2011
754,Flinn,Glisenan,fglisenankx@wikipedia.org,Male,11/9/2002
755,Dorian,Dimbleby,ddimblebyky@behance.net,Male,11/17/2002
756,Evvie,Gullivent,egulliventkz@storify.com,Male,10/13/2010
757,Alford,Biggerdike,abiggerdikel0@mayoclinic.com,Female,3/14/2008
758,Jamie,Stonhard,jstonhardl1@ihg.com,Male,4/13/2002
759,Ted,Jimmison,tjimmisonl2@blogs.com,Genderqueer,5/17/2015
760,Meryl,Fannon,mfannonl3@com.com,Male,6/5/2007
761,Marijo,Rorke,mrorkel4@lulu.com,Male,7/17/2009
762,Talya,Jimenez,tjimenezl5@washingtonpost.com,Female,6/14/2020
763,Mandi,Hynard,mhynardl6@ucoz.com,Male,12/6/2007
764,Langston,Vashchenko,lvashchenkol7@ibm.com,Female,6/1/2021
765,Langsdon,Royds,lroydsl8@zdnet.com,Male,10/23/2001
766,Billye,McClaurie,bmcclauriel9@free.fr,Male,4/16/2011
767,Martyn,Pleat,mpleatla@xinhuanet.com,Male,10/23/2003
768,Lise,Goldthorpe,lgoldthorpelb@naver.com,Male,1/25/2015
769,Nalani,Kesey,nkeseylc@baidu.com,Female,11/20/2015
770,Lazar,Munns,lmunnsld@printfriendly.com,Male,10/15/2014
771,Graeme,Casbourne,gcasbournele@google.co.jp,Male,2/22/2008
772,Bert,Thireau,bthireaulf@usa.gov,Male,1/29/2007
773,Antonetta,Holligan,aholliganlg@chron.com,Female,12/30/2007
774,Codi,Grassin,cgrassinlh@flavors.me,Bigender,2/21/2006
775,Siana,Heggman,sheggmanli@nifty.com,Genderqueer,10/21/2021
776,Lydia,Ceaser,lceaserlj@blogs.com,Male,10/4/2013
777,Lia,Scatchard,lscatchardlk@newyorker.com,Male,7/20/2017
778,Becka,MacTrustam,bmactrustamll@reddit.com,Male,7/2/2013
779,Becca,Antuk,bantuklm@shareasale.com,Female,11/12/2014
780,Lucienne,Mosedill,lmosedillln@bbc.co.uk,Bigender,1/31/2007
781,Franzen,Bisgrove,fbisgrovelo@pagesperso-orange.fr,Male,6/15/2010
782,Elke,Thrower,ethrowerlp@eepurl.com,Male,4/13/2002
783,Jere,Keesman,jkeesmanlq@xrea.com,Male,7/28/2012
784,Jolyn,Killik,jkilliklr@prweb.com,Female,2/22/2011
785,Perry,Cartwright,pcartwrightls@marriott.com,Male,11/23/2017
786,Nettle,Pawelek,npaweleklt@fotki.com,Male,1/9/2016
787,Waldo,Kinset,wkinsetlu@europa.eu,Male,2/26/2005
788,Yulma,Spurden,yspurdenlv@blogspot.com,Female,7/10/2011
789,Arnie,Hutt,ahuttlw@timesonline.co.uk,Female,8/4/2010
790,Otto,Tyce,otycelx@fc2.com,Male,5/2/2005
791,Muriel,Damsell,mdamsellly@goodreads.com,Male,8/14/2007
792,Byram,Grier,bgrierlz@abc.net.au,Male,5/25/2014
793,Sonny,Alderton,saldertonm0@chronoengine.com,Female,1/15/2017
794,Floyd,Scarman,fscarmanm1@fda.gov,Male,1/6/2012
795,Carroll,Mc Gaughey,cmcgaugheym2@reference.com,Male,3/3/2010
796,Maryjane,Leaves,mleavesm3@reddit.com,Female,4/13/2009
797,Wallie,Dani,wdanim4@harvard.edu,Male,5/8/2021
798,Penelope,Benedite,pbeneditem5@twitpic.com,Male,3/30/2004
799,Kennie,Handrick,khandrickm6@ustream.tv,Male,12/30/2009
800,Muhammad,Juster,mjusterm7@vistaprint.com,Female,7/22/2017
801,Maison,Dowey,mdoweym8@foxnews.com,Female,10/3/2004
802,Paula,Gubbins,pgubbinsm9@lycos.com,Genderqueer,11/28/2006
803,Killie,Clace,kclacema@vkontakte.ru,Female,3/21/2021
804,Carolyne,Mabee,cmabeemb@sina.com.cn,Male,8/20/2008
805,Mannie,Mizen,mmizenmc@reddit.com,Male,8/14/2012
806,Gaby,Cheyne,gcheynemd@g.co,Male,8/29/2004
807,Samantha,Haggie,shaggieme@china.com.cn,Female,7/10/2002
808,Marchelle,Georgeou,mgeorgeoumf@wunderground.com,Female,11/19/2019
809,Hewett,Schiefersten,hschieferstenmg@cargocollective.com,Male,12/29/2017
810,Nert,Paulat,npaulatmh@cyberchimps.com,Female,10/28/2018
811,Lauri,Pattlel,lpattlelmi@domainmarket.com,Male,9/5/2015
812,Vincenty,Hellyer,vhellyermj@posterous.com,Female,2/1/2006
813,Gerti,Shergill,gshergillmk@imageshack.us,Female,10/20/2009
814,Lelia,Floyde,lfloydeml@nsw.gov.au,Genderqueer,6/3/2001
815,Zebadiah,Grubey,zgrubeymm@cmu.edu,Male,2/8/2004
816,Rianon,Samsworth,rsamsworthmn@msn.com,Female,12/17/2021
817,Celine,Normansell,cnormansellmo@ted.com,Female,5/30/2009
818,Beck,Stegers,bstegersmp@mapquest.com,Female,6/30/2018
819,Tomas,Hasel,thaselmq@4shared.com,Male,2/11/2017
820,Darius,McCarney,dmccarneymr@meetup.com,Male,6/27/2005
821,Karoly,Pally,kpallyms@sourceforge.net,Male,10/27/2011
822,Bobbette,Welbelove,bwelbelovemt@oracle.com,Male,11/7/2007
823,Laura,Hachard,lhachardmu@ycombinator.com,Male,3/19/2006
824,Rozanne,Wye,rwyemv@bloglovin.com,Male,3/30/2001
825,Nickola,Ogers,nogersmw@i2i.jp,Female,12/24/2003
826,Gavrielle,Hush,ghushmx@vimeo.com,Female,2/9/2012
827,Mathe,Renac,mrenacmy@cyberchimps.com,Female,7/26/2021
828,Miguela,Basindale,mbasindalemz@so-net.ne.jp,Male,7/21/2017
829,Ron,Blanshard,rblanshardn0@hexun.com,Female,5/4/2014
830,Ofilia,Hanlon,ohanlonn1@state.gov,Male,11/9/2006
831,Bette,Rosenhaupt,brosenhauptn2@gizmodo.com,Female,10/23/2011
832,Yorke,Stickley,ystickleyn3@yahoo.co.jp,Female,9/18/2002
833,Carley,Edowes,cedowesn4@shop-pro.jp,Male,10/10/2019
834,Herby,Rodgman,hrodgmann5@multiply.com,Male,1/3/2005
835,Ingrim,Yeabsley,iyeabsleyn6@ca.gov,Male,1/5/2006
836,Bax,O'Towey,botoweyn7@howstuffworks.com,Male,8/20/2014
837,Thurstan,Crum,tcrumn8@sakura.ne.jp,Male,5/5/2017
838,Temple,Helian,theliann9@booking.com,Female,7/30/2003
839,Adelaida,Anfossi,aanfossina@newsvine.com,Male,8/11/2004
840,Janna,Gloves,jglovesnb@wordpress.com,Female,10/18/2003
841,Christos,Ianelli,cianellinc@hexun.com,Female,7/25/2002
842,Nikaniki,McGonigle,nmcgoniglend@unc.edu,Female,2/11/2015
843,Luisa,Brazel,lbrazelne@sakura.ne.jp,Male,10/14/2016
844,Broderic,Guenther,bguenthernf@uol.com.br,Male,2/7/2006
845,Padget,Rafferty,praffertyng@wired.com,Female,9/20/2016
846,Andriette,Guislin,aguislinnh@google.com.br,Male,6/1/2017
847,Chaddy,Stockle,cstockleni@scribd.com,Female,8/15/2003
848,Bobine,Adao,badaonj@wiley.com,Female,6/21/2009
849,Marley,Farfoot,mfarfootnk@amazonaws.com,Female,4/16/2021
850,Rudiger,Adnams,radnamsnl@wufoo.com,Female,9/20/2015
851,Cosetta,Fishleigh,cfishleighnm@walmart.com,Female,1/2/2018
852,Jess,Vowles,jvowlesnn@trellian.com,Female,3/28/2017
853,Arabella,Traice,atraiceno@ihg.com,Male,11/18/2008
854,Ekaterina,Marsden,emarsdennp@diigo.com,Non-binary,2/16/2003
855,Laurena,Jobey,ljobeynq@rakuten.co.jp,Male,6/10/2019
856,Koo,Sansbury,ksansburynr@is.gd,Female,4/13/2011
857,Ramsay,Misken,rmiskenns@theatlantic.com,Female,9/26/2015
858,Dee,Ternouth,dternouthnt@unblog.fr,Female,5/6/2002
859,Iolanthe,Reisk,ireisknu@usa.gov,Female,7/30/2020
860,Sayre,Hugenin,shugeninnv@ucoz.ru,Female,12/23/2001
861,Magdaia,MacGorman,mmacgormannw@xing.com,Male,5/1/2017
862,Yoshiko,Scrauniage,yscrauniagenx@census.gov,Male,4/21/2001
863,Marcello,Utridge,mutridgeny@apple.com,Male,10/24/2007
864,Martie,Gready,mgreadynz@psu.edu,Male,8/26/2013
865,Ellsworth,Malletratt,emalletratto0@google.cn,Female,4/17/2004
866,Isadore,Timbrell,itimbrello1@businessweek.com,Male,5/4/2012
867,Jamey,Dyne,jdyneo2@mysql.com,Male,5/1/2006
868,Ignacio,Georgeou,igeorgeouo3@baidu.com,Female,1/15/2004
869,Granny,Spirit,gspirito4@chicagotribune.com,Male,7/6/2008
870,Crawford,Foskett,cfosketto5@bloglovin.com,Female,10/27/2019
871,Bernard,Kench,bkencho6@people.com.cn,Female,7/30/2014
872,Zarla,Jagiello,zjagielloo7@flavors.me,Female,10/13/2019
873,Maurizia,Preston,mprestono8@baidu.com,Female,6/16/2002
874,Dione,Plumbridge,dplumbridgeo9@example.com,Male,1/3/2015
875,Christy,Padwick,cpadwickoa@icio.us,Male,10/1/2011
876,Kaylyn,Merredy,kmerredyob@shareasale.com,Female,12/7/2014
877,Marchall,Sketcher,msketcheroc@prlog.org,Male,5/18/2003
878,Charmine,Darby,cdarbyod@discovery.com,Male,5/29/2002
879,Gerti,Vigneron,gvigneronoe@networksolutions.com,Bigender,11/15/2007
880,Danielle,Lovelock,dlovelockof@shinystat.com,Female,6/25/2015
881,Hildagarde,Dongles,hdonglesog@nydailynews.com,Male,3/12/2013
882,Yvon,Benson,ybensonoh@dagondesign.com,Male,3/9/2018
883,Bartel,Rillatt,brillattoi@dailymail.co.uk,Male,4/27/2009
884,Patty,Ellaman,pellamanoj@flavors.me,Male,7/4/2016
885,Marcela,Polly,mpollyok@t-online.de,Male,6/6/2014
886,Ceil,Holbarrow,cholbarrowol@harvard.edu,Female,8/28/2017
887,Brandea,Castellone,bcastelloneom@ning.com,Female,9/23/2010
888,Fleurette,Ware,fwareon@shop-pro.jp,Female,2/20/2005
889,Rochell,Roullier,rroullieroo@shareasale.com,Female,10/12/2014
890,Leda,Haucke,lhauckeop@pen.io,Female,5/4/2015
891,Jillian,Tipling,jtiplingoq@yahoo.co.jp,Female,3/17/2020
892,Jasper,Calan,jcalanor@smugmug.com,Female,2/5/2003
893,Bone,Jehan,bjehanos@nba.com,Female,4/12/2010
894,Brynn,Allenby,ballenbyot@baidu.com,Male,12/3/2019
895,Boris,Apfelmann,bapfelmannou@blogs.com,Male,1/8/2016
896,Tiphanie,Glaysher,tglaysherov@twitpic.com,Male,4/3/2002
897,Cherin,Huglin,chuglinow@goodreads.com,Female,11/26/2004
898,Brandise,Handasyde,bhandasydeox@sun.com,Male,7/3/2004
899,Mendy,Lamble,mlambleoy@dot.gov,Bigender,8/15/2004
900,Ondrea,Cullin,ocullinoz@admin.ch,Male,2/5/2007
901,Lars,Adshad,ladshadp0@youtu.be,Male,11/22/2006
902,Franny,Messruther,fmessrutherp1@mayoclinic.com,Female,10/18/2001
903,Federico,Lagden,flagdenp2@ted.com,Polygender,4/17/2020
904,Nananne,Bennallck,nbennallckp3@studiopress.com,Female,2/17/2004
905,Ambrosius,Skaif,askaifp4@ted.com,Female,3/6/2017
906,Guillemette,Mould,gmouldp5@sourceforge.net,Genderqueer,2/3/2009
907,April,Schultze,aschultzep6@cnbc.com,Female,12/17/2010
908,Clarence,Caddan,ccaddanp7@goodreads.com,Female,8/13/2020
909,Bari,Moden,bmodenp8@amazonaws.com,Male,8/26/2006
910,Kriste,Westoll,kwestollp9@seesaa.net,Male,9/20/2019
911,Ranna,Crimin,rcriminpa@marriott.com,Female,10/4/2006
912,Nadine,Baptiste,nbaptistepb@pagesperso-orange.fr,Male,2/21/2018
913,Francisca,Langstone,flangstonepc@amazonaws.com,Male,2/22/2006
914,Bertha,Luckett,bluckettpd@mtv.com,Female,8/28/2005
915,Shoshanna,McSporon,smcsporonpe@netlog.com,Male,8/8/2014
916,Gene,Sennett,gsennettpf@ustream.tv,Female,11/6/2011
917,Jonas,Rigge,jriggepg@soup.io,Male,11/23/2010
918,Shandy,Cammocke,scammockeph@moonfruit.com,Male,7/8/2003
919,Shannon,Pedrazzi,spedrazzipi@flavors.me,Female,8/21/2015
920,Andria,Fisbburne,afisbburnepj@salon.com,Female,3/23/2003
921,Crichton,Rediers,credierspk@slashdot.org,Female,11/4/2016
922,Tess,Mepsted,tmepstedpl@mtv.com,Female,5/18/2018
923,Arabel,Klazenga,aklazengapm@businesswire.com,Female,5/16/2011
924,Cortie,Petre,cpetrepn@umich.edu,Female,9/8/2004
925,Ashlen,Bossingham,abossinghampo@oakley.com,Female,2/19/2009
926,Candis,Reece,creecepp@wikispaces.com,Male,11/16/2001
927,Cyndia,von Nassau,cvonnassaupq@mapquest.com,Genderfluid,6/19/2017
928,Calvin,Wiggam,cwiggampr@alexa.com,Female,8/17/2011
929,Conroy,Guye,cguyeps@dagondesign.com,Female,6/21/2013
930,Fredrick,Ansett,fansettpt@wunderground.com,Female,12/4/2007
931,Chauncey,Ramme,crammepu@admin.ch,Male,3/3/2016
932,Grant,Etridge,getridgepv@cisco.com,Male,4/10/2011
933,Dominic,Reame,dreamepw@bizjournals.com,Male,4/19/2002
934,Rana,Akaster,rakasterpx@omniture.com,Male,9/21/2006
935,Wendie,Kilgallon,wkilgallonpy@xinhuanet.com,Female,10/23/2018
936,Bobbie,Yarr,byarrpz@bing.com,Male,1/1/2009
937,Nicolis,Sandbach,nsandbachq0@shutterfly.com,Male,1/5/2005
938,Rod,Hannant,rhannantq1@un.org,Female,5/14/2004
939,Rutter,Vennard,rvennardq2@admin.ch,Male,3/11/2018
940,Gael,Webb-Bowen,gwebbbowenq3@samsung.com,Female,1/20/2022
941,Andrej,Drance,adranceq4@google.com.br,Female,12/19/2001
942,Merrick,Bondesen,mbondesenq5@noaa.gov,Male,12/13/2017
943,Reine,Fleay,rfleayq6@stanford.edu,Female,11/20/2007
944,Peyton,Cressey,pcresseyq7@eventbrite.com,Male,10/19/2012
945,Sharia,Peasegood,speasegoodq8@xrea.com,Female,6/12/2005
946,Kath,Gewer,kgewerq9@google.de,Female,6/3/2012
947,Ki,Blazey,kblazeyqa@microsoft.com,Female,11/19/2006
948,Teressa,Gallienne,tgallienneqb@soundcloud.com,Female,6/4/2013
949,Bonnee,Courtois,bcourtoisqc@wp.com,Female,12/6/2004
950,Yvonne,Killough,ykilloughqd@sina.com.cn,Male,10/19/2008
951,Katrinka,Schirach,kschirachqe@mapquest.com,Female,2/10/2013
952,Hermia,Spoward,hspowardqf@hostgator.com,Male,3/20/2008
953,Wren,Burcombe,wburcombeqg@berkeley.edu,Male,3/18/2005
954,Osbert,Dodwell,ododwellqh@about.me,Female,10/5/2017
955,Mozelle,Sabate,msabateqi@pagesperso-orange.fr,Female,8/8/2020
956,Kristoffer,Snare,ksnareqj@instagram.com,Female,5/20/2008
957,Merilee,Sang,msangqk@netlog.com,Female,7/21/2004
958,Barbi,Raistrick,braistrickql@histats.com,Female,10/23/2007
959,Paul,O'Fogerty,pofogertyqm@usatoday.com,Female,11/16/2003
960,Mattias,Boshell,mboshellqn@redcross.org,Male,2/12/2008
961,Harbert,Burkett,hburkettqo@jimdo.com,Male,8/22/2016
962,Benjie,Rowantree,browantreeqp@seattletimes.com,Male,8/5/2001
963,Orella,MacKomb,omackombqq@usa.gov,Female,9/21/2004
964,Issi,Royden,iroydenqr@topsy.com,Male,8/31/2010
965,Juliana,Fidoe,jfidoeqs@twitter.com,Female,9/3/2014
966,Markos,Kardos,mkardosqt@123-reg.co.uk,Female,11/1/2015
967,Corrie,de Najera,cdenajeraqu@google.it,Female,2/11/2004
968,Elizabet,Grimoldby,egrimoldbyqv@gnu.org,Male,8/7/2013
969,Sisile,Disdel,sdisdelqw@huffingtonpost.com,Male,11/21/2017
970,Lida,Beament,lbeamentqx@dedecms.com,Polygender,6/4/2008
971,Veronique,Semarke,vsemarkeqy@tripod.com,Male,3/23/2018
972,Rorie,Stroton,rstrotonqz@nature.com,Male,2/12/2015
973,Griz,Tungate,gtungater0@ycombinator.com,Female,12/7/2016
974,Bessie,Gabits,bgabitsr1@yellowbook.com,Male,8/16/2004
975,Wang,Filyakov,wfilyakovr2@1und1.de,Male,12/2/2006
976,Nadine,Bestwall,nbestwallr3@ucoz.ru,Male,5/15/2015
977,Del,Jeafferson,djeaffersonr4@last.fm,Agender,3/31/2014
978,Tim,Ropars,troparsr5@jigsy.com,Female,4/5/2003
979,Jammie,Etuck,jetuckr6@mapquest.com,Male,4/8/2016
980,Fern,Carlson,fcarlsonr7@earthlink.net,Female,12/15/2004
981,Desi,Lofts,dloftsr8@blogs.com,Male,1/9/2001
982,Constantine,Bettley,cbettleyr9@bandcamp.com,Male,2/11/2010
983,Ellyn,Muck,emuckra@bing.com,Male,3/14/2011
984,Teri,Simeonov,tsimeonovrb@china.com.cn,Female,8/8/2003
985,Willis,Bridgeman,wbridgemanrc@tiny.cc,Male,4/12/2018
986,Merrill,Seel,mseelrd@noaa.gov,Female,2/16/2008
987,Edward,Bryant,ebryantre@symantec.com,Female,5/6/2016
988,Ervin,Chapling,echaplingrf@dell.com,Female,8/27/2017
989,Grace,Sailor,gsailorrg@imgur.com,Male,11/2/2002
990,Fremont,McGing,fmcgingrh@ox.ac.uk,Male,3/23/2006
991,Stevie,Dockery,sdockeryri@homestead.com,Male,1/12/2010
992,Maiga,Kirtlan,mkirtlanrj@soundcloud.com,Female,11/19/2002
993,Leoine,Colliard,lcolliardrk@alexa.com,Male,1/6/2018
994,Wally,Woodburne,wwoodburnerl@merriam-webster.com,Male,10/17/2021
995,Annnora,Beig,abeigrm@sogou.com,Female,11/20/2006
996,Decca,Wrefford,dwreffordrn@goodreads.com,Female,9/1/2009
997,Shurlock,Lembcke,slembckero@apache.org,Male,8/20/2019
998,Reyna,Baison,rbaisonrp@pen.io,Female,7/25/2012
999,Thaxter,de Almeida,tdealmeidarq@icq.com,Male,6/14/2014
1000,Eddie,Meads,emeadsrr@fotki.com,Male,7/28/2009
